,Bayesian CNN,Classical CNN
0,41.1200430393219,27.681335926055908
